{"actions":[],"apps":[{"acl":{"app":[],"field":[],"record":[]},"app":null,"category":{"categories":[],"useCategory":"false"},"form":{"layout":"[{\"id\":null,\"type\":\"ROW\",\"isSubTable\":false,\"var\":null,\"controlList\":[{\"isVirtical\":true,\"styleMap\":{\"width\":193},\"type\":\"SINGLE_LINE_TEXT\",\"var\":\"item\",\"label\":\"Item\"},{\"isVirtical\":true,\"type\":\"SINGLE_SELECT\",\"styleMap\":{\"width\":196},\"label\":\"Category\",\"var\":\"category\"},{\"isVirtical\":true,\"type\":\"DECIMAL\",\"styleMap\":{\"width\":193},\"label\":\"SKU\",\"var\":\"serial_no\"},{\"isVirtical\":true,\"styleMap\":{\"width\":207},\"type\":\"FILE\",\"var\":\"prod_image\",\"label\":\"Product Image\"}]},{\"id\":null,\"type\":\"ROW\",\"isSubTable\":false,\"var\":null,\"controlList\":[{\"isVirtical\":true,\"styleMap\":{\"width\":193},\"type\":\"SINGLE_LINE_TEXT\",\"var\":\"description\",\"label\":\"Description\"},{\"isVirtical\":true,\"type\":\"DATE\",\"styleMap\":{\"width\":117},\"label\":\"Expiry date\",\"var\":\"expiry_date\"},{\"isVirtical\":true,\"styleMap\":{\"width\":193},\"type\":\"SINGLE_LINE_TEXT\",\"var\":\"unit\",\"label\":\"Unit\"}]},{\"id\":null,\"type\":\"ROW\",\"isSubTable\":false,\"var\":null,\"controlList\":[{\"isVirtical\":true,\"type\":\"DECIMAL\",\"styleMap\":{\"width\":193},\"label\":\"Stock\",\"var\":\"stock\"},{\"isVirtical\":true,\"styleMap\":{\"width\":193},\"type\":\"DECIMAL\",\"var\":\"cost\",\"label\":\"Cost\"},{\"isVirtical\":true,\"styleMap\":{\"width\":193},\"type\":\"DECIMAL\",\"var\":\"margin\",\"label\":\"Margin\"},{\"isVirtical\":true,\"type\":\"DECIMAL\",\"styleMap\":{\"width\":193},\"label\":\"Discount\",\"var\":\"discount\"},{\"isVirtical\":true,\"styleMap\":{\"width\":193},\"type\":\"CALC\",\"var\":\"net_price\",\"label\":\"Net Price\"}]},{\"id\":null,\"type\":\"ROW\",\"isSubTable\":false,\"var\":null,\"controlList\":[{\"isVirtical\":true,\"styleMap\":{\"width\":193},\"type\":\"DECIMAL\",\"var\":\"Minimum\",\"label\":\"Minimum\"},{\"isVirtical\":true,\"styleMap\":{\"width\":193},\"type\":\"CALC\",\"var\":\"tot_value\",\"label\":\"Total Value\"},{\"isVirtical\":true,\"styleMap\":{\"width\":193},\"type\":\"CALC\",\"var\":\"inv_value\",\"label\":\"Inventory Value\"},{\"isVirtical\":true,\"styleMap\":{\"width\":193},\"type\":\"SINGLE_LINE_TEXT\",\"var\":\"imgurl\",\"label\":\"IMG URL\"}]},{\"id\":null,\"type\":\"ROW\",\"isSubTable\":false,\"var\":null,\"controlList\":[{\"isVirtical\":true,\"styleMap\":{\"width\":193},\"type\":\"CALC\",\"var\":\"under_stock\",\"label\":\"Under Stock\"},{\"isVirtical\":true,\"styleMap\":{\"width\":241},\"type\":\"SINGLE_CHECK\",\"var\":\"enabled\",\"label\":\"Enabled\",\"align\":\"horizontal\"},{\"isVirtical\":true,\"styleMap\":{\"width\":193},\"type\":\"CALC\",\"var\":\"restocking\",\"label\":\"Re-stocking\"},{\"isVirtical\":true,\"styleMap\":{\"width\":193},\"type\":\"CALC\",\"var\":\"restock_cost\",\"label\":\"ReStock Cost\"}]}]","revision":null},"iconMeta":null,"info":{"automaticallyChooseTitleComponent":"false","code":null,"decimalPrecision":"16","decimalScale":"4","description":"\u003Cdiv\u003Ehttps://github.com/hemonserrat/Inventory\u003C/div\u003E","enableBulkDeletion":"false","fiscalYearStartMonth":"1","iconKey":"APP39","iconType":"PRESET","jsFiles":null,"jsScope":"ALL","name":"Grocery Inventory","roundingMode":"HALF_EVEN","theme":"PLAIN","titleComponentLocalId":"2132","useComment":"true","useHistory":"true","useThumbnail":"true"},"jsFiles":[],"notification":{"appNotifications":[{"events":["RECORD_COMMENT_ADDED"],"target":{"entityId":"2056","entityType":"FIELD_ENTITY","includeSubs":"false"}},{"events":["RECORD_COMMENT_ADDED"],"target":{"entityId":"2057","entityType":"FIELD_ENTITY","includeSubs":"false"}}],"recordNotifications":[{"entities":[{"entityId":"7532782697181632513","entityType":"GROUP","includeSubs":"false"}],"filterCond":"f2124 \u003C= \"0\"","title":"Alert - Item under stock"},{"entities":[{"entityId":"7532782697181632512","entityType":"USER","includeSubs":"false"}],"filterCond":"f2127 in (\"\", \"2126\")","title":"Alert - Item disabled"}],"reminderTimezone":"America/Los_Angeles","reminders":[],"useComment":"true","useReminder":"false"},"plugin":{"pluginIds":[]},"reports":[{"advancedMode":"false","filter":{"category":null,"offset":null,"order":[],"q":"f2096 \u003C= TODAY()","size":null,"sort":[]},"isAborted":null,"name":"Expired Inventory","processType":null,"report":"2113","reportType":"SUBTOTAL","revision":null,"settings":"{\"groups\":[{\"id\":\"2132\",\"op\":null}],\"summaries\":[{\"op\":\"SUM\",\"id\":\"2093\"}],\"chartType\":\"bar\",\"stackType\":\"clustered\",\"sort\":[\"s0\"],\"order\":[\"DESC\"]}","tallyPeriod":null,"tallyStartDateTime":null},{"advancedMode":"false","filter":{"category":null,"offset":null,"order":[],"q":null,"size":null,"sort":[]},"isAborted":null,"name":"Total Value","processType":null,"report":"2115","reportType":"SUBTOTAL","revision":null,"settings":"{\"groups\":[{\"id\":\"2132\",\"op\":null}],\"summaries\":[{\"op\":\"SUM\",\"id\":\"2106\"}],\"chartType\":\"bar\",\"stackType\":\"clustered\",\"sort\":[\"s0\"],\"order\":[\"DESC\"]}","tallyPeriod":null,"tallyStartDateTime":null},{"advancedMode":"false","filter":{"category":null,"offset":null,"order":[],"q":null,"size":null,"sort":[]},"isAborted":null,"name":"Inventory Value","processType":null,"report":"2117","reportType":"SUBTOTAL","revision":null,"settings":"{\"groups\":[{\"id\":\"2090\",\"op\":null}],\"summaries\":[{\"op\":\"SUM\",\"id\":\"2107\"}],\"chartType\":\"pie\",\"sort\":[\"s0\"],\"order\":[\"DESC\"]}","tallyPeriod":null,"tallyStartDateTime":null}],"resource":{"tables":[{"rows":[{"fields":[],"objectId":"0","subObjectId":"-1"}],"type":"AppName"},{"rows":[{"fields":[],"objectId":"0","subObjectId":"-1"}],"type":"AppDescription"},{"rows":[{"fields":[],"objectId":"2055","subObjectId":"-1"},{"fields":[],"objectId":"2056","subObjectId":"-1"},{"fields":[],"objectId":"2057","subObjectId":"-1"},{"fields":[],"objectId":"2058","subObjectId":"-1"},{"fields":[],"objectId":"2059","subObjectId":"-1"},{"fields":[],"objectId":"2060","subObjectId":"-1"},{"fields":[],"objectId":"2061","subObjectId":"-1"},{"fields":[],"objectId":"2062","subObjectId":"-1"},{"fields":[],"objectId":"2087","subObjectId":"-1"},{"fields":[],"objectId":"2090","subObjectId":"-1"},{"fields":[],"objectId":"2090","subObjectId":"2068"},{"fields":[],"objectId":"2090","subObjectId":"2069"},{"fields":[],"objectId":"2090","subObjectId":"2070"},{"fields":[],"objectId":"2090","subObjectId":"2071"},{"fields":[],"objectId":"2090","subObjectId":"2072"},{"fields":[],"objectId":"2093","subObjectId":"-1"},{"fields":[],"objectId":"2095","subObjectId":"-1"},{"fields":[],"objectId":"2096","subObjectId":"-1"},{"fields":[],"objectId":"2098","subObjectId":"-1"},{"fields":[],"objectId":"2099","subObjectId":"-1"},{"fields":[],"objectId":"2100","subObjectId":"-1"},{"fields":[],"objectId":"2101","subObjectId":"-1"},{"fields":[],"objectId":"2102","subObjectId":"-1"},{"fields":[],"objectId":"2103","subObjectId":"-1"},{"fields":[],"objectId":"2106","subObjectId":"-1"},{"fields":[],"objectId":"2107","subObjectId":"-1"},{"fields":[],"objectId":"2123","subObjectId":"-1"},{"fields":[],"objectId":"2124","subObjectId":"-1"},{"fields":[],"objectId":"2127","subObjectId":"-1"},{"fields":[],"objectId":"2127","subObjectId":"2125"},{"fields":[],"objectId":"2127","subObjectId":"2126"},{"fields":[],"objectId":"2130","subObjectId":"-1"},{"fields":[],"objectId":"2131","subObjectId":"-1"},{"fields":[],"objectId":"2132","subObjectId":"-1"},{"fields":[],"objectId":"2133","subObjectId":"-1"}],"type":"FieldLabel"},{"rows":[{"fields":[],"objectId":"2109","subObjectId":"-1"},{"fields":[],"objectId":"2111","subObjectId":"-1"},{"fields":[],"objectId":"2129","subObjectId":"-1"},{"fields":[],"objectId":"2135","subObjectId":"-1"},{"fields":[],"objectId":"20","subObjectId":"-1"}],"type":"ViewName"},{"rows":[{"fields":[],"objectId":"2113","subObjectId":"-1"},{"fields":[],"objectId":"2115","subObjectId":"-1"},{"fields":[],"objectId":"2117","subObjectId":"-1"}],"type":"ReportName"}]},"schema":{"groups":[],"revision":null,"subTable":{},"table":{"fieldList":{"2055":{"id":"2055","label":"Record number","properties":{"noLabel":"false","required":"true"},"type":"RECORD_ID","var":"Record_number"},"2056":{"id":"2056","label":"Updated by","properties":{"noLabel":"false","required":"true"},"type":"MODIFIER","var":"Updated_by"},"2057":{"id":"2057","label":"Created by","properties":{"noLabel":"false","required":"true"},"type":"CREATOR","var":"Created_by"},"2058":{"id":"2058","label":"Updated datetime","properties":{"noLabel":"false","required":"true"},"type":"MODIFIED_AT","var":"Updated_datetime"},"2059":{"id":"2059","label":"Created datetime","properties":{"noLabel":"false","required":"true"},"type":"CREATED_AT","var":"Created_datetime"},"2060":{"id":"2060","label":"Status","properties":{"noLabel":"false","required":"false"},"type":"STATUS","var":"Status"},"2061":{"id":"2061","label":"Assignee","properties":{"noLabel":"false","required":"false"},"type":"STATUS_ASSIGNEE","var":"Assignee"},"2062":{"id":"2062","label":"Categories","properties":{"noLabel":"false","required":"false"},"type":"CATEGORY","var":"Categories"},"2087":{"id":"2087","label":"SKU","properties":{"defaultValue":null,"digit":"false","displayScale":null,"max":null,"min":null,"noLabel":"false","required":"false","roundingMode":null,"scale":null,"unique":"false","unit":"","unitPosition":"BEFORE"},"type":"DECIMAL","var":"serial_no"},"2090":{"id":"2090","label":"Category","properties":{"defaultValue":null,"noLabel":"false","options":[{"id":"2068","label":"Fruit","valid":true},{"id":"2069","label":"Bakery","valid":true},{"id":"2070","label":"Drinks","valid":true},{"id":"2071","label":"Dairy","valid":true},{"id":"2072","label":"Stationary","valid":true}],"required":"false"},"type":"SINGLE_SELECT","var":"category"},"2093":{"id":"2093","label":"Stock","properties":{"defaultValue":"1","digit":"false","displayScale":null,"max":null,"min":null,"noLabel":"false","required":"true","roundingMode":null,"scale":null,"unique":"false","unit":"","unitPosition":"BEFORE"},"type":"DECIMAL","var":"stock"},"2095":{"id":"2095","label":"Discount","properties":{"defaultValue":"15","digit":"false","displayScale":"2","max":null,"min":null,"noLabel":"false","required":"false","roundingMode":null,"scale":null,"unique":"false","unit":"%","unitPosition":"BEFORE"},"type":"DECIMAL","var":"discount"},"2096":{"id":"2096","label":"Expiry date","properties":{"defaultExpression":"NOW","defaultValue":null,"noLabel":"false","required":"false","unique":"false"},"type":"DATE","var":"expiry_date"},"2098":{"id":"2098","label":"Product Image","properties":{"noLabel":"false","required":"false","thumbnailSize":"150"},"type":"FILE","var":"prod_image"},"2099":{"id":"2099","label":"Cost","properties":{"defaultValue":"1","digit":"false","displayScale":"0","max":null,"min":null,"noLabel":"false","required":"true","roundingMode":null,"scale":null,"unique":"false","unit":"$","unitPosition":"BEFORE"},"type":"DECIMAL","var":"cost"},"2100":{"id":"2100","label":"Margin","properties":{"defaultValue":"40","digit":"false","displayScale":"2","max":null,"min":null,"noLabel":"false","required":"false","roundingMode":null,"scale":null,"unique":"false","unit":"%","unitPosition":"BEFORE"},"type":"DECIMAL","var":"margin"},"2101":{"id":"2101","label":"Net Price","properties":{"displayScale":"2","expression":"cost*(((margin-discount)/100)\u002B1)","format":"NUMBER_DIGIT","hideExpression":"false","noLabel":"false","required":"false","roundingMode":null,"scale":null,"unit":"$","unitPosition":"BEFORE"},"type":"CALC","var":"net_price"},"2102":{"id":"2102","label":"Unit","properties":{"defaultValue":"U","expression":"","hideExpression":"false","max":"4","min":"1","noLabel":"false","required":"false","unique":"false"},"type":"SINGLE_LINE_TEXT","var":"unit"},"2103":{"id":"2103","label":"Minimum","properties":{"defaultValue":"1","digit":"false","displayScale":null,"max":null,"min":"1","noLabel":"false","required":"false","roundingMode":null,"scale":null,"unique":"false","unit":"","unitPosition":"BEFORE"},"type":"DECIMAL","var":"Minimum"},"2106":{"id":"2106","label":"Total Value","properties":{"displayScale":"2","expression":"net_price*stock","format":"NUMBER_DIGIT","hideExpression":"false","noLabel":"false","required":"false","roundingMode":null,"scale":null,"unit":"$","unitPosition":"BEFORE"},"type":"CALC","var":"tot_value"},"2107":{"id":"2107","label":"Inventory Value","properties":{"displayScale":"2","expression":"cost*stock","format":"NUMBER_DIGIT","hideExpression":"false","noLabel":"false","required":"false","roundingMode":null,"scale":null,"unit":"$","unitPosition":"BEFORE"},"type":"CALC","var":"inv_value"},"2123":{"id":"2123","label":"IMG URL","properties":{"defaultValue":"","expression":"","hideExpression":"false","max":null,"min":null,"noLabel":"false","required":"false","unique":"false"},"type":"SINGLE_LINE_TEXT","var":"imgurl"},"2124":{"id":"2124","label":"Under Stock","properties":{"displayScale":null,"expression":"stock-Minimum","format":"NUMBER","hideExpression":"false","noLabel":"false","required":"false","roundingMode":null,"scale":null,"unit":"","unitPosition":"BEFORE"},"type":"CALC","var":"under_stock"},"2127":{"id":"2127","label":"Enabled","properties":{"defaultValue":"2125","noLabel":"false","options":[{"id":"2125","label":"Yes","valid":true},{"id":"2126","label":"No","valid":true}],"required":"true"},"type":"SINGLE_CHECK","var":"enabled"},"2130":{"id":"2130","label":"Re-stocking","properties":{"displayScale":null,"expression":"Minimum-stock","format":"NUMBER","hideExpression":"false","noLabel":"false","required":"false","roundingMode":null,"scale":null,"unit":"","unitPosition":"BEFORE"},"type":"CALC","var":"restocking"},"2131":{"id":"2131","label":"ReStock Cost","properties":{"displayScale":"2","expression":"restocking*cost","format":"NUMBER_DIGIT","hideExpression":"false","noLabel":"false","required":"false","roundingMode":null,"scale":null,"unit":"$","unitPosition":"BEFORE"},"type":"CALC","var":"restock_cost"},"2132":{"id":"2132","label":"Item","properties":{"defaultValue":"N/A","expression":"","hideExpression":"false","max":"10","min":"1","noLabel":"false","required":"true","unique":"false"},"type":"SINGLE_LINE_TEXT","var":"item"},"2133":{"id":"2133","label":"Description","properties":{"defaultValue":"Product description","expression":"","hideExpression":"false","max":"30","min":"1","noLabel":"false","required":"false","unique":"false"},"type":"SINGLE_LINE_TEXT","var":"description"}},"id":"1","label":"__ROOT__","var":"__ROOT__"}},"status":{"actions":[],"filters":[],"initialStateId":null,"states":[],"useStatus":"false"},"uuid":"296f0736-d978-4fda-9ffe-73a8018c4ec8","views":[{"advancedMode":"false","builtinType":null,"device":null,"fields":[{"row":[{"id":"2059"},{"id":"2087"},{"id":"2090"},{"id":"2102"},{"id":"2093"},{"id":"2107"},{"id":"2098"},{"id":"2127"}]}],"filter":{"category":null,"offset":null,"order":["DESC"],"q":null,"size":null,"sort":["f2055"]},"html":null,"keyFieldId":null,"name":"Inventory","pager":null,"revision":null,"titleFieldId":null,"view":"2109","viewType":"LIST"},{"advancedMode":"false","builtinType":null,"device":null,"fields":[{"row":[{"id":"2087"},{"id":"2101"},{"id":"2106"}]}],"filter":{"category":null,"offset":null,"order":["DESC"],"q":null,"size":null,"sort":["f2055"]},"html":null,"keyFieldId":null,"name":"Market Value","pager":null,"revision":null,"titleFieldId":null,"view":"2111","viewType":"LIST"},{"advancedMode":"false","builtinType":null,"device":null,"fields":[{"row":[{"id":"2087"},{"id":"2099"},{"id":"2130"},{"id":"2131"}]}],"filter":{"category":null,"offset":null,"order":["DESC"],"q":"f2130 \u003E= \"0\"","size":null,"sort":["f2055"]},"html":null,"keyFieldId":null,"name":"Re-Stocking","pager":null,"revision":null,"titleFieldId":null,"view":"2129","viewType":"LIST"},{"advancedMode":"false","builtinType":null,"device":null,"fields":[{"row":[{"id":"2087"},{"id":"2099"},{"id":"2100"},{"id":"2095"},{"id":"2101"}]}],"filter":{"category":null,"offset":null,"order":["DESC"],"q":null,"size":null,"sort":["f2055"]},"html":null,"keyFieldId":null,"name":"Price Details","pager":null,"revision":null,"titleFieldId":null,"view":"2135","viewType":"LIST"},{"advancedMode":null,"builtinType":"ALL","device":null,"fields":[{"row":[{"id":"2055"},{"id":"2087"},{"id":"2090"},{"id":"2093"},{"id":"2095"},{"id":"2096"},{"id":"2098"},{"id":"2099"},{"id":"2100"},{"id":"2101"},{"id":"2102"},{"id":"2103"},{"id":"2106"},{"id":"2107"},{"id":"2123"},{"id":"2124"},{"id":"2127"},{"id":"2130"},{"id":"2131"},{"id":"2132"},{"id":"2133"}]}],"filter":{"category":null,"offset":null,"order":[],"q":null,"size":null,"sort":[]},"html":null,"keyFieldId":null,"name":"(All records)","pager":null,"revision":null,"titleFieldId":null,"view":"20","viewType":"LIST"}]}],"description":"Smart Inventory with POS integration using Flutter.io","iconKey":"APP39","iconMeta":null,"iconSrcAppId":"296f0736-d978-4fda-9ffe-73a8018c4ec8","iconType":"PRESET","imagesMeta":[],"lookups":[],"name":"Inventory","references":[],"version":"25"}